"Name","Team","AB","playerid"
"Matt Albers","- - -","1","4300"
"Sean Gilmartin","Mets","1","12781"
"Cody Ege","Marlins","1","15928"
"Andrew Albers","Mariners","1","7853"
"Jose Torres","Padres","1","14957"
"Chris Parmelee","Yankees","8","2554"
"Oliver Perez","Nationals","3","1514"
"Yefri Perez","Marlins","3","12090"
"Joe Blanton","Nationals","0","4849"
"Antonio Bastardo","Pirates","0","8844"
"Jacob Barnes","Brewers","0","12323"
"Chris Capuano","Brewers","0","1701"
"Tony Cingrani","- - -","0","12555"
"Spencer Kieboom","Nationals","0","13300"
"Anthony Ranaudo","White Sox","3","11424"
"Miguel Andujar","Yankees","7","15878"
"Derek Holland","- - -","3","4141"
"Erasmo Ramirez","- - -","3","10314"
"Craig Stammen","Padres","6","7274"
"Kenley Jansen","Dodgers","4","3096"
"Tyler Cravy","Brewers","4","10770"
"Chance Sisco","Orioles","18","15694"
"Christian Walker","Diamondbacks","12","13419"
"Dariel Alvarez","Orioles","3","15580"
"Yovani Gallardo","- - -","6","8173"
"Mike Marjama","Mariners","9","12594"
"Christian Villanueva","Padres","32","11738"
"Charlie Tilson","White Sox","2","12983"
"Fernando Salas","- - -","2","4971"
"Alex Meyer","Angels","2","12833"
"Dietrich Enns","Twins","2","13932"
"Marco Gonzales","- - -","2","15467"
"Mike Trout","Angels","951","10155"
"Jordan Patterson","Rockies","18","15119"
"Joey Votto","Reds","1115","4314"
"David Ortiz","Red Sox","537","745"
"Rhys Hoskins","Phillies","170","16472"
"Aaron Judge","Yankees","626","15640"
"J.D. Martinez","- - -","892","6184"
"Charlie Blackmon","Rockies","1222","7859"
"Freddie Freeman","Braves","1029","5361"
"Josh Donaldson","Blue Jays","992","5038"
"Munenori Kawasaki","Cubs","21","13047"
"Kris Bryant","Cubs","1152","15429"
"Jose Altuve","Astros","1230","5417"
"Daniel Murphy","Nationals","1065","4316"
"Jake Buchanan","- - -","3","10962"
"Matt Olson","Athletics","210","14344"
"Paul Goldschmidt","Diamondbacks","1137","9218"
"Nolan Arenado","Rockies","1224","9777"
"Rob Brantly","White Sox","31","10655"
"Anthony Rizzo","Cubs","1155","3473"
"Gary Sanchez","Yankees","672","11442"
"Nelson Cruz","Mariners","1145","2434"
"Jesse Winker","Reds","121","13590"
"Giancarlo Stanton","Marlins","1010","4949"
"Jose Martinez","Cardinals","288","7996"
"Jacob Stallings","Pirates","29","13723"
"Tommy Pham","Cardinals","603","2967"
"Cody Bellinger","Dodgers","480","15998"
"Adrian Beltre","Rangers","923","639"
"Jose Ramirez","Indians","1150","13510"
"Dwight Smith","Blue Jays","27","13473"
"Bryce Harper","Nationals","926","11579"
"Justin Turner","Dodgers","1013","5235"
"Edwin Encarnacion","- - -","1155","2151"
"Brandon Snyder","Braves","46","9856"
"Yoenis Cespedes","Mets","770","13110"
"Jung Ho Kang","Pirates","318","17182"
"Eric Thames","Brewers","469","3711"
"Nick Delmonico","White Sox","141","13157"
"Corey Seager","Dodgers","1166","13624"
"Carlos Correa","Astros","999","14162"
"Matt Carpenter","Cardinals","970","8090"
"Anthony Rendon","Nationals","1075","12861"
"David Dahl","Rockies","222","13744"
"Brian Dozier","Twins","1232","9810"
"DJ LeMahieu","Rockies","1161","9874"
"Austin Barnes","Dodgers","250","12158"
"Brandon Belt","Giants","924","10264"
"Ryan Braun","Brewers","891","3410"
"George Springer","Astros","1192","12856"
"Jose Abreu","White Sox","1245","15676"
"Domingo Santana","Brewers","771","10348"
"Dexter Fowler","- - -","876","4062"
"Willson Contreras","Cubs","629","11609"
"Trea Turner","Nationals","719","16252"
"Justin Bour","Marlins","657","9744"
"Miguel Cabrera","Tigers","1064","1744"
"Marcell Ozuna","Marlins","1170","10324"
"Carlos Santana","Indians","1153","2396"
"Tyler Naquin","Indians","358","13359"
"Mookie Betts","Red Sox","1300","13611"
"Paul DeJong","Cardinals","417","18015"
"Robinson Chirinos","Rangers","410","3142"
"Christian Yelich","Marlins","1180","11477"
"Michael Conforto","Mets","677","16376"
"Trey Mancini","Orioles","557","15149"
"Khris Davis","Athletics","1121","9112"
"Jean Segura","- - -","1161","5933"
"Joey Gallo","Rangers","474","14128"
"Matt Joyce","- - -","700","3353"
"Justin Upton","- - -","1127","5222"
"Mark Reynolds","Rockies","913","7619"
"Corey Kluber","Indians","6","2429"
"Robinson Cano","Mariners","1247","3269"
"Buster Posey","Giants","1033","9166"
"Jake Lamb","Diamondbacks","1059","13329"
"Zack Cozart","Reds","902","2616"
"Ryan Kalish","Cubs","7","6962"
"Eric Hosmer","Royals","1208","3516"
"Chris Taylor","- - -","575","13757"
"Chris Bostick","Pirates","27","13718"
"Brad Peacock","Astros","7","5401"
"Alex Avila","- - -","480","7476"
"Tommy La Stella","Cubs","273","12371"
"Mike Zunino","Mariners","551","13265"
"Justin Smoak","Blue Jays","859","9054"
"Tyler Flowers","Braves","598","9134"
"Ian Happ","Cubs","364","17919"
"Neil Walker","- - -","797","7539"
"Pedro Alvarez","Orioles","369","2495"
"Andrew Toles","Dodgers","201","13414"
"Dustin Pedroia","Red Sox","1039","8370"
"Miguel Sano","Twins","861","12164"
"Trevor Story","Rockies","875","12564"
"Adam Eaton","- - -","710","11205"
"Manny Machado","Orioles","1270","11493"
"Alex Bregman","Astros","757","17678"
"Ozzie Albies","Braves","217","16556"
"Francisco Lindor","Indians","1255","12916"
"Mitch Haniger","- - -","478","14274"
"Anthony Recker","Braves","97","4063"
"Carlos Gonzalez","Rockies","1054","7287"
"Edubray Ramos","Phillies","1","16086"
"Wilson Ramos","- - -","690","1433"
"Jay Bruce","- - -","1094","9892"
"Steve Pearce","- - -","577","9957"
"Kyle Seager","Mariners","1175","9785"
"Robbie Grossman","Twins","714","5254"
"Jeremy Hazelbaker","- - -","252","9399"
"Logan Morrison","Rays","865","9205"
"Rafael Devers","Red Sox","222","17350"
"Nick Castellanos","Tigers","1025","11737"
"Joc Pederson","Dodgers","679","11899"
"Andrew McCutchen","Pirates","1168","9847"
"Hanley Ramirez","Red Sox","1045","8001"
"Jesus Aguilar","- - -","285","11342"
"Nick Williams","Phillies","313","14330"
"Elvis Andrus","Rangers","1149","8709"
"David Wright","Mets","137","3787"
"Mike Moustakas","Royals","659","4892"
"Lane Adams","Braves","109","10767"
"Eric Sogard","Brewers","249","7927"
"Lonnie Chisenhall","Indians","621","7571"
"Garrett Cooper","Yankees","43","15279"
"Avisail Garcia","White Sox","931","5760"
"Josh Reddick","- - -","875","3892"
"Asdrubal Cabrera","Mets","1000","4962"
"Jedd Gyorko","Cardinals","826","10816"
"Phillip Evans","Mets","33","12950"
"Austin Jackson","- - -","461","9848"
"Ryan Schimpf","Padres","441","9953"
"Cesar Hernandez","Phillies","1058","10556"
"Marwin Gonzalez","Astros","939","5497"
"Scooter Gennett","- - -","959","10339"
"Matt Adams","- - -","636","9393"
"Ryan Lavarnway","Athletics","11","8879"
"Yasmany Tomas","Diamondbacks","696","17171"
"Josh Bell","Pirates","677","13145"
"Wil Myers","Padres","1166","10047"
"Aledmys Diaz","Cardinals","690","15937"
"Joe Mauer","Twins","1019","1857"
"A.J. Pollock","Diamondbacks","466","9256"
"Jonathan Schoop","Orioles","1237","11265"
"Jonathan Lucroy","- - -","913","7870"
"Shin-Soo Choo","Rangers","722","3174"
"Ryan Zimmerman","Nationals","951","4220"
"Brett Phillips","Brewers","87","14735"
"Yasiel Puig","Dodgers","833","14225"
"Teoscar Hernandez","- - -","188","13066"
"Evan Gattis","Astros","747","11003"
"Jorge Alfaro","Phillies","123","12180"
"Yasmani Grandal","Dodgers","828","11368"
"Travis Shaw","- - -","1018","11982"
"Lorenzo Cain","Royals","981","9077"
"Eugenio Suarez","Reds","1099","12552"
"Alex Dickerson","Padres","253","12649"
"Andrew Benintendi","Red Sox","678","17901"
"Pat Valaika","Rockies","201","14885"
"Ian Kinsler","Tigers","1169","6195"
"Starling Marte","Pirates","798","9241"
"Xander Bogaerts","Red Sox","1223","12161"
"Derek Dietrich","Marlins","757","10542"
"Jose Pirela","Padres","351","5485"
"Jackie Bradley Jr.","Red Sox","1040","12984"
"Curtis Granderson","- - -","994","4747"
"Brian Goodwin","Nationals","293","12858"
"Kennys Vargas","Twins","393","12101"
"Brandon Nimmo","Mets","250","12927"
"Chris Young","Red Sox","446","3882"
"Ben Zobrist","Cubs","958","7435"
"Yulieski Gurriel","Astros","659","19198"
"Kurt Suzuki","- - -","621","8259"
"Ryon Healy","Athletics","845","15447"
"David Peralta","Diamondbacks","696","2136"
"Wilmer Flores","Mets","643","5827"
"Odubel Herrera","Phillies","1109","11476"
"Stephen Piscotty","Cardinals","923","13367"
"T.J. Rivera","Mets","319","12495"
"J.T. Realmuto","Marlins","1041","11739"
"Eddie Rosario","Twins","877","12155"
"Eduardo Nunez","- - -","1020","6848"
"Matt Chapman","Athletics","290","16505"
"Yonder Alonso","- - -","933","2530"
"Lucas Duda","- - -","576","2502"
"Stephen Drew","Nationals","238","4251"
"Boog Powell","- - -","117","15103"
"John Hicks","Tigers","175","12547"
"Albert Almora Jr.","Cubs","411","14109"
"Evan Longoria","Rays","1246","9368"
"Michael Brantley","Indians","377","4106"
"Matt Kemp","- - -","1061","5631"
"Seth Smith","- - -","708","7331"
"Steven Souza Jr.","Rays","953","5667"
"Chris Carter","- - -","733","9911"
"Victor Martinez","Tigers","945","393"
"Jason Kipnis","Indians","946","9776"
"Melky Cabrera","- - -","1211","4022"
"Kyle Schwarber","Cubs","426","16478"
"Steven Moya","Tigers","94","11854"
"Johan Camargo","Braves","241","14950"
"Corey Dickerson","Rays","1098","10762"
"Sean Rodriguez","- - -","432","6589"
"Brandon Guyer","- - -","458","2636"
"David Freese","Pirates","863","9549"
"Welington Castillo","- - -","757","3256"
"Brandon Drury","Diamondbacks","906","11615"
"Todd Frazier","- - -","1064","785"
"Kevin Kiermaier","Rays","746","11038"
"Adam Duvall","Reds","1139","10950"
"Kendrys Morales","- - -","1115","8610"
"Yadier Molina","Cardinals","1035","7007"
"Scott Schebler","Reds","730","12225"
"Pedro Florimon","- - -","70","8385"
"Jonathan Villar","Brewers","992","10071"
"Tim Beckham","- - -","731","7949"
"Marlon Byrd","Indians","115","950"
"Mark Trumbo","Orioles","1172","6876"
"Adam Lind","- - -","668","8027"
"Phillip Ervin","Reds","58","14738"
"Matt Holliday","- - -","755","1873"
"Jeimer Candelario","- - -","138","13621"
"Devon Travis","Blue Jays","595","13862"
"John Jaso","Pirates","636","5887"
"Chris Davis","Orioles","1022","9272"
"Luis Valbuena","- - -","639","4969"
"Kole Calhoun","Angels","1163","11200"
"Franklin Gutierrez","- - -","304","3255"
"Aaron Altherr","Phillies","570","11270"
"Hunter Renfroe","Padres","480","15464"
"C.J. Cron","Angels","746","12546"
"Yangervis Solarte","Padres","871","5352"
"Brett Gardner","Yankees","1141","9927"
"Greg Garcia","Cardinals","455","10951"
"Jesus Sucre","- - -","201","5942"
"Didi Gregorius","Yankees","1096","6012"
"Danny Valencia","- - -","921","6364"
"Eric Young","- - -","111","7158"
"Adam Jones","Orioles","1216","6368"
"Cam Gallagher","Royals","24","12981"
"David Ross","Cubs","166","1551"
"Howie Kendrick","- - -","792","4229"
"Adam Frazier","Pirates","552","15223"
"Mike Napoli","- - -","982","3057"
"Chad Huffman","Cardinals","14","5311"
"Jon Jay","- - -","726","5227"
"Ian Desmond","- - -","964","6885"
"Brian McCann","- - -","778","4810"
"Whit Merrifield","Royals","898","11281"
"Martin Prado","Marlins","740","3312"
"Cameron Maybin","- - -","744","5223"
"Geovany Soto","- - -","120","3707"
"Billy Butler","- - -","250","7399"
"Starlin Castro","Yankees","1020","4579"
"Angel Pagan","Giants","495","2918"
"Carlos Beltran","- - -","1019","589"
"Ender Inciarte","Braves","1184","4922"
"Daniel Descalso","- - -","594","8392"
"Victor Robles","Nationals","24","18363"
"Hunter Pence","Giants","888","8252"
"Jed Lowrie","Athletics","905","4418"
"Drew Robinson","Rangers","107","11761"
"Manny Pina","Brewers","401","2829"
"Chris Iannetta","- - -","567","8267"
"Yunel Escobar","Angels","867","4191"
"Jorge Bonifacio","Royals","384","12174"
"Logan Forsythe","- - -","872","7185"
"Russell Martin","Blue Jays","762","4616"
"Austin Slater","Giants","117","16153"
"Roman Quinn","Phillies","57","13546"
"Jayson Werth","Nationals","777","1327"
"Ramiro Pena","Giants","87","8841"
"Brett Nicholas","Rangers","103","11192"
"Rickie Weeks Jr.","- - -","277","1849"
"Javier Baez","Cubs","890","12979"
"Blake Swihart","Red Sox","67","13176"
"Michael Saunders","- - -","708","9981"
"Richie Shaffer","Rays","48","13271"
"Nick Markakis","Braves","1192","5930"
"Andrew Knapp","Phillies","171","14942"
"Pedro Severino","Nationals","57","14523"
"Randal Grichuk","Cardinals","858","10243"
"Jose Bautista","Blue Jays","1010","1887"
"Chase Headley","Yankees","979","4720"
"Nori Aoki","- - -","753","13075"
"Keon Broxton","Brewers","621","9253"
"Tommy Joseph","Phillies","810","10349"
"Daniel Nava","- - -","313","5450"
"Yoan Moncada","- - -","218","17232"
"Hernan Iribarren","Reds","45","4177"
"Sandy Leon","Red Sox","523","5273"
"Tzu-Wei Lin","Red Sox","56","14678"
"Carlos Gomez","- - -","779","4881"
"Kolten Wong","Cardinals","667","12532"
"Michael Taylor","Nationals","620","11489"
"Dae-Ho Lee","Mariners","292","18722"
"Hyun Soo Kim","- - -","517","18718"
"Ezequiel Carrera","Blue Jays","557","9048"
"Jose Reyes","Mets","756","1736"
"Nomar Mazara","Rangers","1070","14553"
"Denard Span","Giants","1069","8347"
"Salvador Perez","Royals","985","7304"
"J.D. Davis","Astros","62","16219"
"Adrian Gonzalez","Dodgers","799","1908"
"Brad Miller","Rays","886","12775"
"Steve Selsky","- - -","60","12957"
"Mitch Moreland","- - -","968","3086"
"Gregory Polanco","Pirates","906","12907"
"Francisco Cervelli","Pirates","591","5275"
"Josh Harrison","Pirates","973","8202"
"Omar Narvaez","White Sox","354","13338"
"Aaron Hicks","Yankees","628","5297"
"Luke Voit","Cardinals","114","14811"
"Brandon Moss","- - -","775","4467"
"Troy Tulowitzki","Blue Jays","733","3531"
"Jacoby Ellsbury","Yankees","907","4727"
"Brandon Phillips","- - -","1122","791"
"Joe Panik","Giants","975","11936"
"Jorge Polanco","Twins","733","13152"
"Marcus Semien","Athletics","910","12533"
"Brandon Crawford","Giants","1071","5343"
"Tyler Austin","Yankees","123","11850"
"Max Kepler","Twins","907","12144"
"Jarrett Parker","Giants","293","11624"
"Cameron Rupp","Phillies","684","11146"
"Andrelton Simmons","Angels","1037","10847"
"Chase Utley","Dodgers","821","1679"
"Jim Adduci","Tigers","83","6448"
"Gerardo Parra","Rockies","760","8553"
"Chris Owings","Diamondbacks","799","10030"
"Addison Russell","Cubs","877","14106"
"Brett Lawrie","White Sox","351","5247"
"Matt Szczur","- - -","380","11255"
"Justin Morneau","White Sox","203","1737"
"Carlos Ruiz","- - -","326","2579"
"Cory Spangenberg","Padres","492","12294"
"Francisco Pena","Orioles","50","8298"
"Ben Gamel","- - -","557","12160"
"Chad Pinder","Athletics","333","15191"
"Leury Garcia","White Sox","348","5913"
"Ryan Raburn","- - -","288","2218"
"Brian Anderson","Marlins","84","18289"
"Jefry Marte","Angels","385","5107"
"Tommy Milone","- - -","11","7608"
"Byron Buxton","Twins","760","14161"
"Albert Pujols","Angels","1186","1177"
"Tucker Barnhart","Reds","747","10200"
"Jason Castro","- - -","685","8722"
"Ichiro Suzuki","Marlins","523","1101"
"Raimel Tapia","Rockies","198","14350"
"Kirk Nieuwenhuis","Brewers","361","6400"
"Mac Williamson","Giants","180","14158"
"Manuel Margot","Padres","524","14712"
"Adam Wainwright","Cardinals","104","2233"
"Nick Hundley","- - -","576","3376"
"Jordy Mercer","Pirates","1021","6547"
"Yandy Diaz","Indians","156","16578"
"Jarrod Dyson","- - -","645","4866"
"Chris Herrmann","Diamondbacks","374","9284"
"Jaycob Brugman","Athletics","143","14936"
"Hernan Perez","Brewers","836","5751"
"Alex Presley","- - -","366","5305"
"Jace Peterson","Braves","536","12325"
"Kyle Jensen","Diamondbacks","31","7706"
"Shane Peterson","Rays","79","7423"
"Rougned Odor","Rangers","1212","12282"
"Magneuris Sierra","Cardinals","60","17023"
"Gregory Bird","Yankees","147","14131"
"Bruce Maxwell","Athletics","311","13866"
"Ryan Rua","Rangers","369","12409"
"Cheslor Cuthbert","Royals","618","10473"
"Paulo Orlando","Royals","543","8628"
"Stephen Vogt","- - -","769","5000"
"J.P. Crawford","Phillies","70","15491"
"Dusty Coleman","Padres","66","8979"
"Tom Murphy","Rockies","68","13499"
"Donovan Solano","Yankees","22","8623"
"Tyler Glasnow","Pirates","24","14374"
"James Loney","Mets","343","4556"
"Jorge Soler","- - -","324","14221"
"Carlos Asuaje","Padres","331","15197"
"Dee Gordon","Marlins","978","8203"
"Maikel Franco","Phillies","1156","12179"
"Willy Garcia","White Sox","105","12956"
"Coco Crisp","- - -","446","1572"
"Colby Rasmus","- - -","490","9893"
"Kelly Johnson","- - -","304","2234"
"Chris Gimenez","- - -","325","7324"
"Victor Caratini","Cubs","59","14968"
"Patrick Kivlehan","- - -","199","13910"
"Tyler White","Astros","310","15564"
"Ehire Adrianza","- - -","225","8418"
"Bryce Brentz","Red Sox","61","10607"
"Logan Schafer","Twins","63","7937"
"Mallex Smith","- - -","445","13608"
"Willie Calhoun","Rangers","34","17838"
"Drew Butera","Royals","286","3411"
"Tim Anderson","White Sox","997","15172"
"Efren Navarro","Tigers","61","9854"
"Nick Franklin","- - -","280","10166"
"Orlando Arcia","Brewers","707","13185"
"Trayce Thompson","Dodgers","285","9952"
"Mikie Mahtook","- - -","533","13130"
"Yolmer Sanchez","White Sox","638","11602"
"Kevin Pillar","Blue Jays","1135","12434"
"Aaron Hill","- - -","446","6104"
"Bradley Zimmer","Indians","299","16221"
"Marco Hernandez","Red Sox","109","13154"
"Tomas Nido","Mets","10","13755"
"Adonis Garcia","Braves","705","13777"
"Michael Bourn","- - -","375","6387"
"Wilmer Difo","Nationals","390","14320"
"Clint Frazier","Yankees","134","15983"
"Eduardo Escobar","Twins","809","6153"
"Delino DeShields","Rangers","558","11379"
"Juan Centeno","- - -","228","7168"
"Matt Davidson","White Sox","416","7226"
"Ryan Howard","Phillies","331","2154"
"Melvin Upton Jr.","- - -","492","5015"
"Jabari Blash","Padres","235","11247"
"Ildemaro Vargas","Diamondbacks","13","13324"
"Justin Ruggiano","- - -","84","7620"
"Miguel Rojas","Marlins","466","7802"
"Christian Vazquez","Red Sox","496","9774"
"Noah Syndergaard","Mets","67","11762"
"Adam Rosales","- - -","503","9682"
"Abraham Almonte","Indians","354","5486"
"Ronald Torreyes","Yankees","470","11400"
"Jake Marisnick","Astros","517","11339"
"Hector Sanchez","- - -","186","10289"
"Sam Travis","Red Sox","76","16263"
"Travis d'Arnaud","Mets","599","7739"
"Franchy Cordero","Padres","92","14567"
"Kelby Tomlinson","Giants","300","13005"
"James McCann","Tigers","696","12859"
"Jason Heyward","Cubs","962","4940"
"Miguel Montero","- - -","426","3364"
"Andre Ethier","Dodgers","58","6265"
"Byung-ho Park","Twins","215","18497"
"Mike Tauchman","Rockies","27","15274"
"Enrique Hernandez","Dodgers","513","10472"
"Jake Elmore","Brewers","78","7290"
"Jhonny Peralta","Cardinals","343","1738"
"Jose Osuna","Pirates","215","12937"
"Chris Hatcher","- - -","3","3299"
"Hector Santiago","- - -","3","4026"
"Wilfredo Boscan","Pirates","3","7655"
"Cory Gearrin","Giants","3","7947"
"Yordano Ventura","Royals","3","11855"
"Rene Rivera","- - -","403","3648"
"Gorkys Hernandez","Giants","364","4146"
"Jose Berrios","Twins","6","14168"
"Matt Duffy","- - -","333","13836"
"David Lough","Phillies","67","7215"
"Hector Rondon","Cubs","3","2391"
"Kevin Shackelford","Reds","3","11012"
"Jackson Stephens","Reds","6","14420"
"Matt Boyd","Tigers","3","15440"
"Rajai Davis","- - -","790","3708"
"Erik Gonzalez","Indians","126","13369"
"Jose Peraza","Reds","728","13593"
"Raffy Lopez","- - -","61","12606"
"Nolan Reimold","Orioles","203","3441"
"Tony Wolters","Rockies","434","11470"
"Freddy Galvis","Phillies","1192","6609"
"Derek Fisher","Astros","146","16192"
"Guillermo Heredia","Mariners","478","18721"
"Brock Holt","Red Sox","430","9345"
"Kevan Smith","White Sox","292","12284"
"Jeff Francoeur","- - -","307","4792"
"Gregor Blanco","- - -","465","3123"
"Matt Wieters","- - -","845","4298"
"Juan Lagares","Mets","394","5384"
"Kevin Plawecki","Mets","232","13807"
"Dansby Swanson","Braves","617","18314"
"Peter Bourjos","- - -","543","2578"
"Ben Lively","Phillies","26","14932"
"Mark Teixeira","Yankees","387","1281"
"Joey Rickard","Orioles","518","13277"
"Francisco Liriano","- - -","42","3201"
"Michael Lorenzen","Reds","17","14843"
"Lisalverto Bonilla","Reds","6","11266"
"Rymer Liriano","White Sox","41","4779"
"Matt Reynolds","Mets","202","13788"
"Conor Gillaspie","Giants","271","9009"
"Junior Lake","Blue Jays","35","4672"
"Trevor Plouffe","- - -","602","7462"
"J.J. Hardy","Orioles","659","3797"
"Alex Gordon","Royals","921","5209"
"Jason Coats","White Sox","50","14282"
"Ji-Man Choi","- - -","127","5452"
"Craig Gentry","- - -","135","9571"
"Jurickson Profar","Rangers","330","10815"
"Jett Bandy","- - -","378","12508"
"Ty Blach","Giants","48","14361"
"Ketel Marte","- - -","660","13613"
"Billy Hamilton","Reds","993","10199"
"Andres Blanco","Phillies","320","1907"
"Martin Maldonado","- - -","637","6887"
"Daniel Robertson","Rays","218","14145"
"Jordan Luplow","Pirates","78","16424"
"Tyler Holt","Reds","179","11391"
"Leonys Martin","- - -","646","11846"
"Tyler Collins","Tigers","286","12723"
"Jose Iglesias","Tigers","930","10231"
"Jake Smolinski","Athletics","317","5408"
"Bud Norris","- - -","27","9492"
"Amed Rosario","Mets","165","15518"
"Tyler Moore","Marlins","187","7244"
"Travis Jankowski","Padres","410","13768"
"Trevor Brown","Giants","173","13895"
"Gregorio Petit","Angels","204","3812"
"Adrian Sanchez","Nationals","71","11338"
"Gift Ngoepe","Pirates","54","10340"
"Darwin Barney","Blue Jays","615","2430"
"Madison Bumgarner","Giants","120","5524"
"Dominic Smith","Mets","167","15653"
"Colin Moran","Astros","34","16909"
"Kyle Farmer","Dodgers","20","14813"
"Chris Heisey","Nationals","213","3978"
"Clint Robinson","Nationals","197","6908"
"Brett Wallace","Padres","217","8434"
"Johnny Giavotella","- - -","356","6740"
"Rookie Davis","Reds","6","14962"
"Devin Mesoraco","Reds","191","5666"
"Tomas Telis","Marlins","117","10067"
"Harrison Bader","Cardinals","85","18030"
"Rey Fuentes","- - -","177","10329"
"A.J. Ellis","- - -","314","5677"
"Ty Kelly","- - -","147","7740"
"Phil Gosselin","- - -","268","10953"
"Joey Wendle","Athletics","109","13853"
"Charlie Culberson","Dodgers","80","3298"
"Desmond Jennings","Rays","200","1965"
"Zack Granite","Twins","93","15343"
"Mitch Garver","Twins","46","15161"
"Roberto Perez","Indians","370","2900"
"Anthony Gose","Tigers","91","5097"
"Jordan Montgomery","Yankees","3","16511"
"Curt Casali","Rays","235","12510"
"Oswaldo Arcia","- - -","202","10306"
"Ivan De Jesus","Reds","221","9886"
"Josh Rutledge","Red Sox","156","11167"
"Jimmy Rollins","White Sox","149","971"
"Max Moroff","Pirates","122","14556"
"Prince Fielder","Rangers","326","4613"
"Erick Aybar","- - -","748","4082"
"Rob Segedin","Dodgers","93","11446"
"Andrew Romine","Tigers","492","1159"
"Shawn O'Malley","Mariners","210","9629"
"Steve Clevenger","Mariners","68","9542"
"Chase d'Arnaud","- - -","291","6652"
"Gordon Beckham","- - -","262","9015"
"Cole Gillespie","Marlins","51","5888"
"Yan Gomes","Indians","592","9627"
"Alcides Escobar","Royals","1236","6310"
"Grant Green","- - -","49","10053"
"Danny Espinosa","- - -","782","9219"
"Mason Williams","Yankees","43","11859"
"Travis Wood","- - -","29","9884"
"Ramon Cabrera","Reds","171","10327"
"Greg Allen","Indians","35","16623"
"Josh Phegley","Athletics","227","9308"
"Adeiny Hechavarria","- - -","838","10459"
"Destin Hood","Marlins","25","9887"
"Tyler Saladino","White Sox","551","10807"
"Julio Borbon","Orioles","13","3209"
"Dixon Machado","Tigers","176","11472"
"Dustin Garneau","- - -","180","9433"
"Bobby Wilson","- - -","228","6564"
"Bryan Holaday","- - -","146","11287"
"Austin Hedges","Padres","411","12976"
"Daniel Robertson","- - -","99","6266"
"J.T. Riddle","Marlins","228","17642"
"Ryan McMahon","Rockies","19","15112"
"Xavier Scruggs","Marlins","62","7409"
"Eric Fryer","- - -","187","8145"
"Christian Bethancourt","Padres","200","10028"
"Marcus Stroman","Blue Jays","12","13431"
"Brett Eibner","- - -","220","11369"
"Cliff Pennington","Angels","366","3395"
"Chris Coghlan","- - -","336","6878"
"Pablo Sandoval","- - -","265","5409"
"Chris Johnson","Marlins","243","1191"
"Jimmy Paredes","- - -","158","5481"
"Ryan Flaherty","Orioles","195","7888"
"Drew Stubbs","- - -","102","9328"
"Alejandro De Aza","- - -","296","3371"
"Rusney Castillo","Red Sox","8","17016"
"Nick Ahmed","Diamondbacks","451","12147"
"Ryan Goins","Blue Jays","601","9807"
"Tony Kemp","Astros","157","14894"
"Alexei Ramirez","- - -","478","5133"
"Rio Ruiz","Braves","157","14103"
"Ben Revere","- - -","641","4712"
"Oscar Hernandez","Diamondbacks","11","13490"
"Cristhian Adames","Rockies","238","6013"
"Max Muncy","Athletics","113","13301"
"Jeff Mathis","- - -","312","3448"
"Mark Canha","Athletics","214","11445"
"Jose Lobaton","Nationals","240","4243"
"Anthony Santander","Orioles","30","14551"
"Caleb Joseph","Orioles","386","7087"
"Danny Santana","- - -","401","10322"
"Omar Infante","Royals","134","1609"
"Austin Romine","Yankees","394","5491"
"Tim Federowicz","- - -","44","8609"
"Jarrod Saltalamacchia","- - -","271","5557"
"Brock Stassi","Phillies","78","12244"
"Alexi Amarista","- - -","308","9063"
"Franklin Barreto","Athletics","71","15519"
"Luis Sardinas","- - -","229","13153"
"Alex Rodriguez","Yankees","225","1274"
"Dioner Navarro","- - -","304","3179"
"Scott Van Slyke","Dodgers","143","4365"
"Derek Norris","- - -","594","6867"
"Taylor Motter","- - -","338","12399"
"Ramon Torres","Royals","74","14113"
"Rafael Ortega","Angels","185","10323"
"Allen Cordoba","Padres","202","15722"
"Alen Hanson","- - -","248","12926"
"Robert Andino","Marlins","24","4900"
"Juan Uribe","Indians","238","454"
"Richard Urena","Blue Jays","68","16411"
"Rob Refsnyder","- - -","240","13770"
"Trevor Cahill","- - -","22","6249"
"Hank Conger","Rays","124","2505"
"Nick Buss","Angels","81","6835"
"Kaleb Cowart","Angels","187","11494"
"Stephen Cardullo","Rockies","84","11204"
"Max Stassi","Astros","37","10059"
"Jerry Sands","White Sox","55","4016"
"Cody Asche","- - -","254","11997"
"Mat Latos","- - -","8","3815"
"Matt den Dekker","- - -","41","11385"
"Zach Vincej","Reds","9","13269"
"Danny Duffy","Royals","7","3542"
"Jake Odorizzi","Rays","7","6397"
"Hunter Dozier","Royals","19","15117"
"Deven Marrero","Red Sox","183","13325"
"Josh Tomlin","Indians","12","9388"
"Ryan Hanigan","- - -","206","4952"
"Gavin Cecchini","Mets","83","17005"
"David Freitas","Braves","17","10619"
"Travis Taijeron","Mets","52","11935"
"Elias Diaz","Pirates","192","11680"
"Cesar Puello","- - -","34","7216"
"Brandon Barnes","Rockies","100","629"
"Ramon Flores","- - -","257","11165"
"Darin Ruf","Phillies","83","9929"
"Kristopher Negron","Diamondbacks","25","5306"
"Billy Burns","- - -","317","12701"
"Ruben Tejada","- - -","179","5519"
"Christian Colon","- - -","197","11145"
"Tyler Goeddel","Phillies","213","13180"
"Mike Aviles","- - -","253","5986"
"Giovanny Urshela","Indians","156","10681"
"Ben Paulsen","Rockies","92","9741"
"Jason Rogers","Pirates","25","11773"
"Jared Hoying","Rangers","118","10882"
"Jose Fernandez","Marlins","52","11530"
"Michael Martinez","- - -","138","7358"
"Carlos Perez","Angels","288","10642"
"Stefen Romero","Mariners","17","11746"
"J.B. Shuck","White Sox","224","6677"
"Alex Verdugo","Dodgers","23","17027"
"Preston Tucker","Astros","134","13633"
"Raudy Read","Nationals","11","15766"
"Taijuan Walker","Diamondbacks","52","11836"
"Patrick Corbin","Diamondbacks","105","9323"
"Colin Walsh","Brewers","47","10961"
"Austin Hays","Orioles","60","19363"
"James Beresford","Twins","22","4626"
"Kyle Waldrop","Reds","22","11402"
"Christian Arroyo","Giants","125","16434"
"Eric Campbell","Mets","75","6938"
"Jake Arrieta","Cubs","126","4153"
"A.J. Pierzynski","Braves","247","746"
"Chris Stewart","Pirates","229","3878"
"Darrell Ceciliani","Blue Jays","32","9954"
"A.J. Reed","Astros","128","16246"
"Andrew Susac","Brewers","29","13132"
"Chris Sale","- - -","9","10603"
"Carlos Rodon","White Sox","9","16137"
"Joe Ross","Nationals","74","12972"
"Luke Weaver","Cardinals","32","16918"
"Socrates Brito","Diamondbacks","95","12944"
"Robbie Ray","Diamondbacks","106","11486"
"Tyler Smith","Mariners","16","12490"
"Pedro Baez","Dodgers","2","5420"
"Ricky Nolasco","- - -","8","3830"
"Taylor Featherston","- - -","65","12590"
"Daniel Norris","Tigers","2","13475"
"Andy Wilkins","Brewers","24","11251"
"Adam Engel","White Sox","301","15082"
"Taylor Davis","Cubs","13","12782"
"JaCoby Jones","Tigers","169","14818"
"Miguel Gomez","Giants","33","17075"
"Jaff Decker","- - -","102","7945"
"Steven Brault","Pirates","21","15291"
"Peter O'Brien","Diamondbacks","64","13288"
"Casey McGehee","Tigers","92","6086"
"Cam Perkins","Phillies","88","13444"
"Lewis Brinson","Brewers","47","14352"
"Ian Kennedy","Royals","6","6986"
"Shane Robinson","Angels","129","4249"
"Ryder Jones","Giants","150","15982"
"Brandon Woodruff","Brewers","10","16162"
"Ike Davis","Yankees","14","8433"
"Zack Greinke","Diamondbacks","114","1943"
"Matt McBride","Athletics","43","9373"
"Josh Thole","Blue Jays","118","9689"
"Carlos Moncrief","Giants","38","7511"
"Christian Bergman","- - -","4","10925"
"Lucas Giolito","- - -","4","15474"
"Raul Mondesi","Royals","188","13769"
"Michael Pineda","Yankees","4","5372"
"Jason Vargas","Royals","4","8044"
"Paolo Espino","- - -","4","8246"
"Hector Olivera","Braves","19","17528"
"Luke Maile","- - -","249","13355"
"Jhoulys Chacin","- - -","64","2608"
"Will Middlebrooks","- - -","65","7002"
"Yadiel Rivera","Brewers","68","11863"
"Homer Bailey","Reds","38","8362"
"Jason Hammel","- - -","73","4538"
"Tony Renda","Reds","60","13443"
"Vince Velasquez","Phillies","64","11189"
"Dan Vogelbach","Mariners","40","14130"
"Juan Graterol","Angels","98","5398"
"Andrew Stevenson","Nationals","57","17932"
"Jae-Gyun Hwang","Giants","52","19369"
"Don Kelly","Marlins","27","2216"
"Carson Kelly","Cardinals","82","13620"
"Carl Crawford","Dodgers","81","1201"
"Reid Brignac","Braves","29","8380"
"Carlos Martinez","Cardinals","121","11682"
"Michael Reed","Brewers","22","13228"
"Chris Rusin","Rockies","38","9895"
"Tyler Wade","Yankees","58","15730"
"Mike Ohlman","Blue Jays","13","10347"
"Michael Morse","- - -","44","3035"
"Jorge de la Rosa","- - -","38","2047"
"Daniel Castro","Braves","130","15450"
"Jacob deGrom","Mets","113","10954"
"Brayan Pena","Cardinals","13","3231"
"Tyler Mahle","Reds","7","16358"
"Renato Nunez","Athletics","30","14503"
"Jake Peavy","Giants","27","1051"
"Gerrit Cole","Pirates","95","13125"
"Rocky Gale","Padres","10","10533"
"Luis Torrens","Padres","123","15905"
"O'Koyea Dickson","Dodgers","7","12677"
"Zach Eflin","Phillies","44","13774"
"J.A. Happ","Blue Jays","9","7410"
"Tuffy Gosewisch","- - -","118","5277"
"Josh Smith","- - -","11","10946"
"Alberto Rosario","Cardinals","41","7125"
"Dustin Ackley","Yankees","61","10099"
"Seth Lugo","Mets","45","12447"
"Andrew Cashner","- - -","39","8782"
"Stephen Strasburg","Nationals","102","10131"
"Clayton Kershaw","Dodgers","95","2036"
"Hyun-Jin Ryu","Dodgers","31","14444"
"Arismendy Alcantara","- - -","124","10711"
"Danny Worth","Astros","39","198"
"Todd Cunningham","Angels","27","10822"
"Emilio Bonifacio","Braves","76","4054"
"Mike Freeman","- - -","82","11241"
"Max Scherzer","Nationals","132","3137"
"Jacob Hannemann","Mariners","20","15644"
"Stuart Turner","Reds","82","15207"
"Jemile Weeks","Padres","50","2498"
"Albert Suarez","Giants","23","6175"
"John Ryan Murphy","- - -","89","10346"
"Edwin Jackson","- - -","44","1841"
"Jake Thompson","Phillies","26","14371"
"Rafael Bautista","Nationals","25","15769"
"Jon Lester","Cubs","113","4930"
"Tyler Chatwood","Rockies","92","4338"
"Jaime Garcia","- - -","74","8137"
"Pete Kozma","- - -","45","2539"
"Jeremy Hellickson","- - -","87","4371"
"Mike Montgomery","Cubs","38","4869"
"Mike Leake","- - -","96","10130"
"Nolan Fontana","Angels","20","13267"
"Raisel Iglesias","Reds","12","17130"
"Jake Esch","- - -","5","12756"
"Rob Whalen","- - -","10","14165"
"Wade Miley","- - -","15","8779"
"Jordan Zimmermann","Tigers","10","4505"
"Paul Janish","Orioles","57","7412"
"T.J. McFarland","Diamondbacks","5","3237"
"Sam Gaviglio","- - -","5","12778"
"Luis Severino","Yankees","5","15890"
"Daniel Gossett","Athletics","5","16164"
"Steven Matz","Mets","57","13361"
"Daniel Mengden","Athletics","8","16980"
"A.J. Schugel","Pirates","3","11432"
"Nick Martinez","Rangers","3","12730"
"Felix Pena","Cubs","3","13403"
"Kyle Freeland","Rockies","52","16256"
"James Paxton","Mariners","3","11828"
"Matt Koch","Diamondbacks","3","13420"
"Yu Darvish","- - -","20","13074"
"Wily Peralta","Brewers","52","7738"
"Emmanuel Burriss","Phillies","45","2917"
"Robert Gsellman","Mets","49","13696"
"Chris Marrero","Giants","38","2852"
"James Shields","- - -","21","7059"
"Jordan Pacheco","Reds","51","2677"
"Nick Noonan","Padres","18","6880"
"Julio Teheran","Braves","106","6797"
"Joel De La Cruz","Braves","16","12825"
"Micah Johnson","- - -","16","13809"
"Luis Perdomo","Padres","84","14682"
"Blake Lalli","Braves","13","9246"
"Shelby Miller","Diamondbacks","38","10197"
"Chris Flexen","Mets","13","13896"
"Collin Cowgill","Indians","12","7250"
"Brent Suter","Brewers","20","13942"
"Justin Verlander","- - -","11","8700"
"Vance Worley","Marlins","22","6435"
"Orlando Calixte","Giants","49","11905"
"Cole Figueroa","Pirates","26","8790"
"Anthony Alford","Blue Jays","8","14329"
"Mark Zagunis","Cubs","14","16565"
"Edinson Volquez","- - -","31","3990"
"Blake Snell","Rays","7","13543"
"Drew Pomeranz","- - -","36","11426"
"Chris Archer","Rays","15","6345"
"Junior Guerra","Brewers","51","5702"
"German Marquez","Rockies","51","15038"
"Jordan Lyles","- - -","21","7593"
"Yusmeiro Petit","- - -","6","4020"
"David Phelps","- - -","12","6316"
"Lance McCullers","Astros","6","14120"
"Wade LeBlanc","Pirates","6","5221"
"Rob Zastryzny","Cubs","6","15094"
"Adam Morgan","Phillies","34","12580"
"Zach Davies","Brewers","101","13183"
"Jerad Eickhoff","Phillies","92","12664"
"Clayton Richard","- - -","74","3551"
"Tim Adleman","Reds","50","10968"
"Jon Moscot","Reds","4","13849"
"Jon Gray","Rockies","85","14916"
"Alex Mejia","Cardinals","46","13877"
"Cedric Hunter","Phillies","34","2833"
"Alfredo Simon","Reds","14","2155"
"Brett Anderson","- - -","10","8223"
"Breyvic Valera","Cardinals","10","12758"
"Juniel Querecuto","Rays","11","12140"
"Matt Cain","Giants","59","4732"
"Ervin Santana","Twins","15","3200"
"Jeff Samardzija","Giants","128","3254"
"Colin Rea","- - -","33","12317"
"CC Sabathia","Yankees","4","404"
"Carlos Carrasco","Indians","4","6632"
"Clay Buchholz","- - -","4","3543"
"Kevin Gausman","Orioles","4","14107"
"Jhan Marinez","- - -","9","5830"
"Jon Niese","- - -","30","4424"
"Matt Wisler","Braves","48","12804"
"A.J. Cole","Nationals","21","11467"
"Tyler Anderson","Rockies","61","12880"
"Bronson Arroyo","Reds","26","978"
"Francisco Mejia","Indians","13","16403"
"Kenta Maeda","Dodgers","96","18498"
"Erik Kratz","- - -","87","4403"
"Brandon Finnegan","Reds","58","16208"
"Hanser Alberto","Rangers","56","11902"
"Adam Conley","Marlins","65","14457"
"John Lackey","Cubs","116","1507"
"Juan Nicasio","- - -","20","7731"
"David Price","Red Sox","11","3184"
"Tanner Roark","Nationals","119","8753"
"Anthony DeSclafani","Reds","41","13050"
"Jose Rondon","Padres","25","14140"
"R.A. Dickey","- - -","62","1245"
"Gio Gonzalez","Nationals","118","7448"
"Darin Mastroianni","Twins","9","7316"
"Brett Oberholtzer","Phillies","7","3855"
"Doug Fister","- - -","7","9425"
"Julio Urias","Dodgers","28","14765"
"Brock Stewart","Dodgers","14","16727"
"Jose Urena","Marlins","65","11589"
"Danny Ortiz","Pirates","12","10317"
"Antonio Senzatela","Rockies","32","15488"
"Chris Colabello","Blue Jays","29","13051"
"Aaron Nola","Phillies","78","16149"
"Kyle Hendricks","Cubs","108","12049"
"Chris Stratton","Giants","15","13761"
"Matt Moore","- - -","78","1890"
"Alex Wood","Dodgers","68","13781"
"Scott Kazmir","Dodgers","43","4897"
"Jacob Turner","Nationals","5","10185"
"Tyler Lyons","Cardinals","5","11334"
"Sean Manaea","Athletics","5","15873"
"Chase Anderson","Brewers","97","6895"
"Josmil Pinto","Brewers","5","6806"
"Nathan Eovaldi","Yankees","5","9132"
"Jacob May","White Sox","36","14876"
"Chad Kuhl","Pirates","71","14975"
"Jameson Taillon","Pirates","70","11674"
"Jeff Locke","- - -","42","2929"
"Taylor Jungmann","Brewers","8","13119"
"Ryan Vogelsong","Pirates","19","1011"
"Aaron Blair","Braves","22","14934"
"Brandon McCarthy","Dodgers","36","4662"
"Johnny Cueto","Giants","116","6893"
"Will Venable","Dodgers","18","211"
"Rich Hill","Dodgers","57","4806"
"Andrew Burns","Blue Jays","6","12779"
"Lance Lynn","Cardinals","54","2520"
"Zack Wheeler","Mets","27","10310"
"Ryan LaMarre","- - -","12","10700"
"Jimmy Nelson","Brewers","107","10547"
"Trevor Williams","Pirates","42","16977"
"Rick Porcello","Red Sox","9","2717"
"Charlie Morton","- - -","9","4676"
"Martin Perez","Rangers","9","6902"
"Ubaldo Jimenez","Orioles","9","3374"
"Christian Friedrich","Padres","37","7942"
"Matt Harvey","Mets","56","11713"
"Braden Shipley","Diamondbacks","32","15158"
"Chad Bettis","Rockies","60","10587"
"Odrisamer Despaigne","Marlins","19","16017"
"Mike Foltynewicz","Braves","78","10811"
"Ross Stripling","Dodgers","33","13273"
"Jarred Cosart","- - -","20","10304"
"Niko Goodrum","Twins","17","12092"
"Bartolo Colon","- - -","79","375"
"Miguel Gonzalez","- - -","7","7024"
"A.J. Griffin","Rangers","7","11132"
"Terrance Gore","Royals","7","13658"
"Max Fried","Braves","7","13743"
"Kyle Gibson","Twins","7","10123"
"Tyler Ladendorf","Athletics","48","3211"
"Matt Garza","Brewers","63","3340"
"Jose Quintana","- - -","27","11423"
"Tom Koehler","- - -","72","6570"
"Luis Castillo","Reds","29","15689"
"Cole Hamels","Rangers","11","4972"
"Chad Wallach","Reds","11","17161"
"Eddie Butler","- - -","30","13453"
"Zack Godley","Diamondbacks","60","14862"
"Sean Newcomb","Braves","27","16943"
"Sal Romano","Reds","24","13690"
"Dinelson Lamet","Padres","35","17186"
"John Lamb","Reds","20","8493"
"Alec Asher","- - -","12","13560"
"Reynaldo Lopez","- - -","12","16400"
"Archie Bradley","Diamondbacks","47","12918"
"A.J. Jimenez","Rangers","12","7077"
"Jeff Hoffman","Rockies","41","17432"
"Justin Nicolino","Marlins","33","11754"
"Mark Leiter","Phillies","25","15551"
"Kyle Higashioka","Yankees","18","5517"
"Aaron Sanchez","Blue Jays","9","11490"
"Brendan Ryan","Angels","13","6073"
"Logan Verrett","- - -","19","12905"
"Amir Garrett","Reds","19","14375"
"Rubby de la Rosa","Diamondbacks","14","3862"
"Alex Reyes","Cardinals","14","15015"
"Asher Wojciechowski","Reds","14","10836"
"Dan Straily","- - -","107","9460"
"Michael Wacha","Cardinals","85","14078"
"Nick Pivetta","Phillies","44","15454"
"Rafael Montero","Mets","30","12760"
"Luke Sims","Braves","15","13470"
"Matt Dominguez","Blue Jays","11","4903"
"Cody Reed","Reds","13","15232"
"Ivan Nova","- - -","77","1994"
"Paul Clemens","- - -","21","8037"
"Robert Stephenson","Reds","33","13594"
"Scott Feldman","- - -","36","6283"
"Wei-Yin Chen","Marlins","52","13071"
"Neftali Feliz","- - -","0","18"
"Xavier Cedeno","Rays","0","36"
"Fernando Rodney","Diamondbacks","0","494"
"Jason Grilli","- - -","0","521"
"Marco Estrada","Blue Jays","9","1118"
"Jerome Williams","Cardinals","2","1137"
"Tommy Hunter","Rays","0","1157"
"Matt Bush","Rangers","0","1246"
"Adam Ottavino","Rockies","0","1247"
"Pedro Beato","Phillies","0","1330"
"Blake Wood","- - -","3","1345"
"Andrew Bailey","Angels","0","1368"
"Joaquin Benoit","- - -","0","1437"
"Sean Doolittle","- - -","0","1581"
"Francisco Rodriguez","Tigers","0","1642"
"Javier Lopez","Giants","1","1663"
"Matt Belisle","- - -","4","1837"
"Ryan Madson","- - -","1","1852"
"Jeremy Guthrie","Nationals","0","2072"
"Chris Narveson","Marlins","3","2141"
"Chad Qualls","Rockies","0","2170"
"Blaine Boyer","- - -","1","2237"
"Joel Peralta","- - -","2","2332"
"Brett Cecil","Cardinals","1","2660"
"Tony Cruz","Royals","4","2802"
"Fabio Castillo","Dodgers","0","2826"
"Rafael Ynoa","Rockies","5","2832"
"Ross Detwiler","Athletics","1","2859"
"Santiago Casilla","Athletics","0","2873"
"Luis Avilan","Dodgers","2","2882"
"Zach McAllister","Indians","0","2895"
"Josh Ravin","Dodgers","1","2951"
"Tony Watson","- - -","1","3132"
"Will Harris","Astros","0","3192"
"Chris Young","Royals","1","3196"
"Jean Machi","Mariners","1","3220"
"Zach Britton","Orioles","0","3240"
"Roberto Hernandez","Braves","4","3273"
"Joe Smith","- - -","0","3281"
"Anibal Sanchez","Tigers","8","3284"
"Darren O'Day","Orioles","0","3321"
"Jumbo Diaz","- - -","1","3397"
"Carlos Frias","Dodgers","1","3547"
"Liam Hendriks","Athletics","0","3548"
"Tony Barnette","Rangers","0","3555"
"Jim Johnson","Braves","1","3656"
"Matt Buschmann","Diamondbacks","1","3832"
"Zach Duke","Cardinals","0","3840"
"Gavin Floyd","Blue Jays","1","3886"
"Casey Fien","- - -","0","3926"
"Edward Mujica","Tigers","0","3970"
"Enny Romero","Nationals","1","4001"
"Brian Duensing","Cubs","4","4064"
"Pedro Strop","Cubs","2","4070"
"Junichi Tazawa","Marlins","1","4079"
"Dan Runzler","Pirates","0","4080"
"Luke Gregerson","Astros","0","4090"
"Carlos Villanueva","Padres","4","4138"
"Edward Paredes","Dodgers","0","4168"
"Jered Weaver","- - -","19","4235"
"David Hernandez","- - -","0","4259"
"Mark Melancon","Giants","0","4264"
"Justin Wilson","- - -","0","4301"
"Craig Breslow","- - -","0","4363"
"Chris Smith","Athletics","1","4544"
"Pat Neshek","- - -","0","4682"
"Nate Jones","White Sox","0","4696"
"Jonathan Broxton","Cardinals","0","4759"
"Felix Hernandez","Mariners","6","4772"
"Matt Shoemaker","Angels","4","4776"
"Brandon Maurer","- - -","0","4878"
"Peter Moylan","Royals","0","4891"
"Fernando Abad","- - -","1","4994"
"Jake Diekman","Rangers","0","5003"
"Yohan Flande","Rockies","0","5057"
"Josh Fields","Dodgers","1","5070"
"Jeurys Familia","Mets","1","5114"
"Ernesto Frieri","Rangers","0","5178"
"Mike Pelfrey","White Sox","0","5203"
"Blake Parker","Angels","0","5224"
"Vin Mazzaro","Giants","1","5231"
"Wilmer Font","Dodgers","0","5257"
"Chris Tillman","Orioles","2","5279"
"Jose Alvarez","Angels","1","5358"
"Andrew Lambo","Athletics","1","5386"
"Steve Lombardozzi","Marlins","8","5422"
"Jesse Chavez","Angels","5","5448"
"Arodys Vizcaino","Braves","0","5498"
"Boone Logan","Indians","0","5525"
"Nik Turley","Twins","2","5530"
"Tyler Clippard","- - -","0","5640"
"Henderson Alvarez","Phillies","6","5669"
"Eric O'Flaherty","Braves","0","5746"
"Bruce Rondon","Tigers","0","5766"
"Jason Motte","Braves","0","5861"
"Danny Salazar","Indians","5","5867"
"Gonzalez Germen","Rockies","3","5876"
"Randall Delgado","Diamondbacks","10","5985"
"Kelvin Herrera","Royals","0","6033"
"Tony Sanchez","Braves","1","6178"
"Dellin Betances","Yankees","0","6216"
"Kyle Kendrick","Red Sox","1","6230"
"Diego Moreno","Rays","0","6238"
"Al Alburquerque","- - -","0","6324"
"Steve Cishek","- - -","0","6483"
"Blaine Hardy","Tigers","0","6499"
"Alex Cobb","Rays","6","6562"
"Marc Rzepczynski","Mariners","0","6612"
"Brad Brach","Orioles","0","6627"
"Craig Kimbrel","Red Sox","0","6655"
"Alex Colome","Rays","0","6661"
"Miguel Socolovich","Cardinals","1","6697"
"Andrew Miller","Indians","1","6785"
"Robbie Ross Jr.","Red Sox","0","6819"
"Sam Freeman","Braves","2","6832"
"Joakim Soria","Royals","0","6941"
"Drew Storen","Reds","1","6983"
"Luis Garcia","Phillies","0","6984"
"Ryan Pressly","Twins","0","7005"
"Daniel Hudson","Pirates","0","7146"
"Greg Holland","Rockies","0","7196"
"Brad Ziegler","Marlins","0","7293"
"Josh Collmenter","Braves","6","7312"
"Dan Otero","Indians","0","7385"
"Dillon Gee","- - -","1","7396"
"Javy Guerra","Marlins","1","7407"
"Wade Davis","Cubs","0","7441"
"Phil Hughes","Twins","2","7450"
"Anthony Swarzak","- - -","0","7466"
"Tommy Layne","Yankees","0","7501"
"Evan Scribner","Mariners","0","7525"
"Collin McHugh","Astros","8","7531"
"Lucas Harrell","- - -","8","7541"
"Jake McGee","Rockies","0","7550"
"Nick Vincent","Mariners","0","7555"
"Carlos Torres","Brewers","0","7624"
"Neil Ramirez","- - -","1","7677"
"David Holmberg","White Sox","0","7725"
"Mike Fiers","Astros","1","7754"
"Shawn Kelley","Nationals","1","7773"
"Richard Bleier","Orioles","0","7803"
"Hunter Strickland","Giants","0","7836"
"Jerry Blevins","Mets","1","7841"
"Tyson Ross","- - -","1","7872"
"Josh Lindblom","Pirates","2","7882"
"Frank Herrmann","Phillies","1","7960"
"Anthony Bass","Rangers","0","7982"
"Jason Gurka","Angels","0","8007"
"Glen Perkins","Twins","0","8041"
"Dan Jennings","- - -","0","8073"
"Bryan Shaw","Indians","0","8110"
"Kevin Siegrist","- - -","0","8180"
"Steven Wright","Red Sox","4","8185"
"David Robertson","- - -","0","8241"
"J.P. Howell","- - -","2","8245"
"Huston Street","Angels","0","8258"
"Matt Tuiasosopo","Braves","3","8272"
"Tony Sipp","Astros","1","8280"
"JC Ramirez","Angels","3","8302"
"A.J. Ramos","- - -","0","8350"
"Deolis Guerra","Angels","0","8410"
"Adam Wilk","- - -","1","8421"
"Michael Brady","Athletics","0","8461"
"Buddy Boshers","Twins","0","8490"
"Danny Farquhar","- - -","0","8501"
"Jeff Beliveau","Blue Jays","0","8504"
"Tyler Cloyd","Mariners","0","8536"
"Justin Miller","Rockies","1","8580"
"Dustin McGowan","Marlins","10","8600"
"Oliver Drake","- - -","1","8823"
"Arcenio Leon","Tigers","0","8846"
"Arquimedes Caminero","Pirates","2","8992"
"Cesar Valdez","- - -","0","9013"
"Adam Warren","- - -","3","9029"
"Jeanmar Gomez","Phillies","0","9033"
"J.J. Hoover","Diamondbacks","0","9037"
"John Axford","Athletics","0","9059"
"Kirby Yates","- - -","0","9073"
"Zach Putnam","White Sox","0","9080"
"Brad Hand","Padres","5","9111"
"Gregory Infante","White Sox","0","9119"
"T.J. House","Blue Jays","0","9121"
"Tim Melville","- - -","2","9149"
"Casey Kelly","Braves","2","9174"
"Kyle Lobstein","Pirates","2","9178"
"Koji Uehara","Cubs","0","9227"
"Alex Wilson","Tigers","0","9239"
"Simon Castro","Athletics","0","9243"
"Rob Scahill","- - -","3","9286"
"Buddy Baumann","Padres","0","9309"
"Jared Hughes","- - -","1","9325"
"Brandon Morrow","Dodgers","0","9346"
"Adam Moore","Indians","5","9362"
"Quintin Berry","Brewers","3","9414"
"Zac Rosscup","- - -","0","9419"
"Dallas Keuchel","Astros","5","9434"
"Ryan Buchter","- - -","0","9456"
"George Kontos","- - -","2","9486"
"Jeremy Jeffress","- - -","2","9490"
"Austin Bibens-Dirkx","Rangers","3","9559"
"Michael McKenry","Cardinals","1","9628"
"Michael Blazek","Brewers","2","9654"
"Vidal Nuno","Orioles","1","9674"
"Joe Kelly","Red Sox","0","9761"
"Garrett Richards","Angels","0","9784"
"Rex Brothers","Braves","0","9794"
"Sergio Romo","- - -","0","9817"
"Chaz Roe","- - -","0","9866"
"Mike Broadway","Giants","0","9894"
"Chris Volstad","White Sox","0","9901"
"A.J. Morris","Reds","1","9919"
"Brandon Kintzler","- - -","0","9939"
"Mike Dunn","Rockies","0","9948"
"Tom Wilhelmsen","Diamondbacks","1","9975"
"Mike Minor","Royals","0","10021"
"Keyvius Sampson","Reds","7","10039"
"Ashur Tolliver","Astros","0","10044"
"Ian Krol","Braves","2","10066"
"Brad Boxberger","Rays","0","10133"
"Ryan Weber","- - -","6","10160"
"Jose Ramirez","Braves","0","10171"
"Tyler Skaggs","Angels","1","10190"
"Aroldis Chapman","Yankees","0","10233"
"Bryan Morris","- - -","1","10234"
"Justin Marks","Rays","0","10265"
"Tanner Scheppers","Rangers","0","10267"
"Josh Smoker","Mets","4","10285"
"Ryan Tepera","Blue Jays","1","10291"
"Chad Bell","Tigers","0","10297"
"Chris Heston","- - -","0","10302"
"Michael Tonkin","Twins","2","10315"
"Edwin Escobar","Diamondbacks","2","10337"
"Juan Minaya","White Sox","0","10341"
"Aaron Loup","Blue Jays","0","10343"
"Robbie Erlin","Padres","6","10354"
"Brooks Pounders","Angels","0","10387"
"Mychal Givens","Orioles","2","10430"
"Shawn Tolleson","Rangers","1","10481"
"Preston Claiborne","Rangers","0","10500"
"Hunter Cervenka","Marlins","0","10510"
"Drew Hayes","Reds","1","10528"
"Dean Kiekhefer","Cardinals","1","10529"
"Jake Petricka","White Sox","0","10534"
"Addison Reed","- - -","0","10586"
"Scott Alexander","Royals","3","10591"
"Zach Walters","Dodgers","5","10622"
"Adam Liberatore","Dodgers","0","10637"
"Drew Hutchison","Pirates","1","10732"
"Trevor Rosenthal","Cardinals","1","10745"
"Shane Greene","Tigers","2","10756"
"Josh Edgin","Mets","0","10796"
"Adam Kolarek","Rays","0","10843"
"Chasen Shreve","Yankees","2","10855"
"Ryan O'Rourke","Twins","1","10976"
"Chase Whitley","Rays","0","10982"
"Casey Lawrence","- - -","2","11121"
"Mike Bolsinger","- - -","9","11137"
"Grant Dayton","Dodgers","1","11203"
"Zach Neal","Athletics","2","11294"
"Seth Frankoff","Cubs","0","11346"
"Tyrell Jenkins","Braves","13","11378"
"Tommy Kahnle","- - -","0","11384"
"Danny Barnes","Blue Jays","0","11388"
"Alex Wimmers","Twins","0","11394"
"Brandon Workman","Red Sox","0","11428"
"Johnny Barbato","Pirates","1","11440"
"Matt Grace","Nationals","5","11449"
"Sammy Solis","Nationals","3","11457"
"Zach Lee","Padres","3","11468"
"Bryan Mitchell","Yankees","0","11479"
"Joely Rodriguez","Phillies","0","11487"
"Parker Bridwell","Angels","0","11502"
"Jeff Ferrell","Tigers","0","11506"
"Josh Osich","Giants","0","11528"
"Dayan Diaz","Astros","0","11543"
"Williams Perez","Braves","17","11592"
"Deck McGuire","Reds","3","11596"
"Dovydas Neverauskas","Pirates","0","11604"
"Heath Hembree","Red Sox","0","11632"
"Vicente Campos","Diamondbacks","2","11681"
"Josh Lucas","Cardinals","0","11686"
"Sam Dyson","- - -","0","11710"
"Erik Goeddel","Mets","0","11712"
"Nick Tepesch","- - -","3","11716"
"Justin Grimm","Cubs","3","11720"
"Carlos Ramirez","Blue Jays","0","11743"
"Luke Jackson","Braves","2","11752"
"Kyle Ryan","Tigers","0","11753"
"Drew Smyly","Rays","2","11760"
"Myles Jaye","Tigers","0","11769"
"Angel Sanchez","Pirates","1","11776"
"Hansel Robles","Mets","3","11801"
"Hector Neris","Phillies","0","11804"
"Michael Feliz","Astros","1","11903"
"Taylor Cole","Blue Jays","0","11964"
"Matt Andriese","Rays","1","12022"
"Brian Flynn","Royals","0","12027"
"Felipe Rivero","- - -","1","12076"
"David Washington","Orioles","6","12110"
"Kendry Flores","Marlins","1","12118"
"David Goforth","Brewers","0","12166"
"Matt Duffy","Astros","3","12181"
"Cody Martin","Mariners","0","12182"
"Cody Allen","Indians","0","12183"
"Akeel Morris","Braves","0","12185"
"Seth Maness","- - -","1","12235"
"Daniel Winkler","Braves","0","12237"
"Ryan Sherriff","Cardinals","0","12249"
"Colton Murray","Phillies","1","12264"
"Leonel Campos","Blue Jays","0","12277"
"Evan Marshall","Mariners","0","12297"
"Kevin Quackenbush","Padres","1","12360"
"Spencer Patton","Cubs","2","12361"
"Nick Tropeano","Angels","2","12385"
"Chase Bradford","Mets","1","12452"
"Drew Rucinski","Twins","0","12499"
"Erik Johnson","Padres","4","12520"
"Cory Mazzoni","Padres","0","12537"
"Jack Leathersich","- - -","0","12562"
"Blake Treinen","- - -","0","12572"
"Mike Wright","Orioles","0","12586"
"Nathan Karns","- - -","1","12638"
"Roenis Elias","Red Sox","0","12673"
"Phil Klein","Phillies","2","12675"
"Tyler Wilson","Orioles","0","12691"
"Trevor Bauer","Indians","8","12703"
"Tyler Pill","Mets","5","12751"
"Chris Devenski","Astros","1","12763"
"Sonny Gray","- - -","2","12768"
"Jairo Diaz","Rockies","0","12774"
"John Brebbia","Cardinals","1","12777"
"Raul Alcantara","Athletics","0","12790"
"Dalton Pompey","Blue Jays","2","12797"
"Noe Ramirez","- - -","0","12800"
"Carter Capps","Padres","0","12803"
"Mike Clevinger","Indians","4","12808"
"Andrew Kittredge","Rays","0","12828"
"Shawn Armstrong","Indians","0","12857"
"Matt Barnes","Red Sox","0","12863"
"Tony Zych","Mariners","0","12876"
"Alex Claudio","Rangers","0","12890"
"Ken Giles","Astros","0","12910"
"Dylan Bundy","Orioles","3","12917"
"Gabriel Ynoa","- - -","4","12938"
"Roberto Gomez","Giants","0","12963"
"Joe Musgrove","Astros","5","12970"
"Andrew Chafin","Diamondbacks","0","12988"
"Robby Scott","Red Sox","0","13042"
"Hisashi Iwakuma","Mariners","2","13048"
"Reymin Guduan","Astros","0","13058"
"Jason Wheeler","Twins","0","13128"
"Derek Law","Giants","1","13133"
"Jayson Aquino","Orioles","2","13150"
"Eduardo Rodriguez","Red Sox","9","13164"
"Carson Smith","Red Sox","0","13172"
"Kyle Crick","Giants","0","13182"
"Adalberto Mejia","Twins","0","13188"
"Joe Biagini","Blue Jays","2","13194"
"Warwick Saupold","Tigers","0","13211"
"Michael Fulmer","Tigers","7","13218"
"Jesse Hahn","Athletics","1","13287"
"Daniel Coulombe","Athletics","0","13293"
"Jordan Jankowski","Astros","0","13313"
"Jake Barrett","Diamondbacks","0","13322"
"James Pazos","Mariners","0","13323"
"William Cuevas","Tigers","0","13331"
"Luis Cessa","Yankees","0","13345"
"Hoby Milner","Phillies","2","13346"
"Cam Bedrosian","Angels","0","13360"
"Dylan Floro","Cubs","4","13394"
"Damien Magnifico","Angels","0","13395"
"Chris Beck","White Sox","0","13418"
"Drew VerHagen","Tigers","0","13424"
"Pierce Johnson","Cubs","0","13435"
"Mike Morin","- - -","0","13442"
"Taylor Rogers","Twins","0","13449"
"Samuel Tuivailala","Cardinals","0","13485"
"Matt Bowman","Cardinals","1","13528"
"Alejandro Chacin","Reds","0","13530"
"Andrew Triggs","Athletics","2","13533"
"Richard Rodriguez","Orioles","0","13549"
"Justin Haley","Twins","0","13572"
"Steven Okert","Giants","2","13580"
"Carl Edwards Jr.","Cubs","2","13607"
"Jakob Junis","Royals","3","13619"
"Jharel Cotton","Athletics","2","13654"
"Onelki Garcia","Royals","0","13674"
"John Gant","- - -","10","13684"
"Nick Goody","Indians","0","13685"
"Ryan Merritt","Indians","0","13688"
"Jake Faria","Rays","0","13699"
"Kyle Barraclough","Marlins","2","13713"
"Tyler Duffey","Twins","1","13758"
"Dominic Leone","Blue Jays","0","13763"
"Roberto Osuna","Blue Jays","0","13764"
"Daniel Stumpf","Tigers","0","13780"
"Tyler Wagner","Diamondbacks","2","13796"
"Matt Strahm","Royals","0","13799"
"Austin Adams","Nationals","0","13801"
"Chris O'Grady","Marlins","8","13818"
"Ian Parmley","Blue Jays","3","13821"
"Mike Miller","Red Sox","1","13891"
"Paul Sewald","Mets","2","13892"
"Scott Oberg","Rockies","0","13911"
"Ryan Dull","Athletics","0","13974"
"Ryan Garton","- - -","0","14016"
"Mike Hauschild","Rangers","0","14033"
"Michael Ynoa","White Sox","0","14093"
"Cesar Vargas","Padres","8","14099"
"Miguel Almonte","Royals","0","14139"
"Shae Simmons","Mariners","0","14200"
"Josh Hader","Brewers","4","14212"
"Dario Alvarez","Rangers","0","14239"
"Austin Maddox","Red Sox","0","14241"
"Brian Johnson","Red Sox","2","14272"
"Wandy Peralta","Reds","0","14295"
"Frankie Montas","Athletics","0","14309"
"Wei-Chung Wang","Brewers","0","14382"
"Yohander Mendez","Rangers","0","14391"
"Chris Smith","Blue Jays","0","14449"
"Jose Valdez","- - -","0","14470"
"Randy Rosario","Twins","0","14508"
"Thyago Vieira","Mariners","0","14510"
"Jose Leclerc","Rangers","0","14524"
"Jorge Lopez","Brewers","0","14527"
"Felix Jorge","Twins","0","14532"
"Carlos Estevez","Rockies","0","14542"
"Jose Ruiz","Padres","0","14552"
"James Hoyt","Astros","1","14605"
"Jandel Gustave","Astros","0","14665"
"Dillon Maples","Cubs","0","14672"
"Andres Machado","Royals","0","14681"
"Keone Kela","Rangers","0","14696"
"Severino Gonzalez","Phillies","1","14697"
"Anthony Banda","Diamondbacks","5","14706"
"Edwin Diaz","Mariners","2","14710"
"Jamie Callahan","Mets","0","14711"
"Paul Blackburn","Athletics","3","14739"
"Tyler Olson","Indians","0","14741"
"Emilio Pagan","Mariners","2","14771"
"Brad Goldberg","White Sox","0","14776"
"Barrett Astin","Reds","1","14812"
"Buck Farmer","Tigers","0","14814"
"Dylan Covey","White Sox","1","14825"
"Bobby Wahl","Athletics","0","14832"
"Matt Dermody","Blue Jays","0","14844"
"Kyle Martin","Red Sox","0","14860"
"Sam Moll","Athletics","0","14874"
"Caleb Smith","Yankees","0","14875"
"Taylor Williams","Brewers","0","14899"
"Jason Hursh","Braves","0","14914"
"Jack Reinheimer","Diamondbacks","5","14938"
"Reyes Moronta","Giants","0","14966"
"Tyler Webb","- - -","0","14974"
"Giovanny Gallegos","Yankees","0","14986"
"Jairo Labourt","Tigers","0","14996"
"Luis Santos","Blue Jays","0","15006"
"Yacksel Rios","Phillies","1","15007"
"Corey Knebel","Brewers","0","15010"
"Victor Alcantara","Tigers","0","15028"
"Kyle Crockett","Indians","0","15033"
"Chase De Jong","Mariners","0","15036"
"Tim Mayza","Blue Jays","0","15042"
"Trevor Gott","Nationals","0","15046"
"Silvino Bracho","Diamondbacks","1","15051"
"Hunter Wood","Rays","0","15091"
"Ben Heller","Yankees","0","15100"
"Luke Farrell","- - -","0","15101"
"Jimmie Sherfy","Diamondbacks","0","15118"
"Tim Locastro","Dodgers","1","15124"
"Tyler Danish","White Sox","0","15126"
"Drew Anderson","Phillies","0","15130"
"Jimmy Yacabonis","Orioles","2","15157"
"Luiz Gohara","Braves","9","15166"
"Daniel Wright","- - -","5","15179"
"Glenn Sparkman","Blue Jays","0","15200"
"Kevin McGowan","Mets","0","15215"
"Aaron Slegers","Twins","0","15231"
"Alan Busenitz","Twins","0","15239"
"Kevin McCarthy","Royals","0","15240"
"Shane Carle","Rockies","0","15258"
"Keynan Middleton","Angels","0","15264"
"Jacob Rhame","Mets","0","15267"
"Zac Reininger","Tigers","0","15285"
"Austin Pruitt","Rays","0","15290"
"Donnie Hart","Orioles","1","15306"
"Kyle Lloyd","Padres","1","15378"
"Andrew Heaney","Angels","0","15423"
"Mike Mayers","Cardinals","0","15451"
"Ricardo Rodriguez","Rangers","0","15458"
"Jose De Leon","- - -","4","15463"
"Kendall Graveman","Athletics","5","15514"
"Jen-Ho Tseng","Cubs","1","15524"
"Chad Green","Yankees","4","15552"
"Troy Scribner","Angels","0","15570"
"Nick Wittgren","Marlins","4","15594"
"Ariel Hernandez","Reds","2","15603"
"Dillon Overton","- - -","1","15627"
"Dan Slania","Giants","0","15639"
"Miguel Castro","Orioles","0","15684"
"Ronald Herrera","Yankees","0","15688"
"Joe Jimenez","Tigers","0","15761"
"Masahiro Tanaka","Yankees","4","15764"
"Jesen Therrien","Phillies","2","15853"
"Victor Arano","Phillies","0","15915"
"Ryne Stanek","Rays","0","15947"
"Keury Mella","Reds","0","15964"
"Stefan Crichton","Orioles","0","16058"
"John Curtiss","Twins","0","16128"
"Eric Skoglund","Royals","0","16155"
"Jace Fry","White Sox","0","16159"
"Max Povse","Mariners","0","16165"
"Aaron Bummer","White Sox","0","16258"
"Ricardo Pinto","Phillies","1","16318"
"Eduardo Paredes","Angels","0","16344"
"Gabriel Moya","Twins","0","16348"
"Chih-Wei Hu","Rays","0","16419"
"Dan Altavilla","Mariners","0","16507"
"Nick Gardewine","Rangers","0","16513"
"Jonathan Holder","Yankees","0","16588"
"Zac Curtis","- - -","0","16684"
"Artie Lewicki","Tigers","0","16731"
"Kyle McGrath","Padres","0","16793"
"Aaron Wilkerson","Brewers","4","16904"
"Trevor Hildenberger","Twins","0","17002"
"Dustin Fowler","Yankees","0","17098"
"Domingo German","Yankees","0","17149"
"Brian Ellington","Marlins","2","17233"
"Austin Brice","Reds","4","17237"
"Francis Martes","Astros","0","17303"
"Edgar Santana","Pirates","0","17355"
"David Paulino","Astros","0","17418"
"Erick Fedde","Nationals","4","17425"
"Jack Flaherty","Cardinals","6","17479"
"Ariel Miranda","Mariners","6","17526"
"Andrew Moore","Mariners","0","17553"
"Tanner Scott","Orioles","0","17586"
"Koda Glover","Nationals","0","17695"
"Jose Alvarado","Rays","0","17780"
"John Bormann","Pirates","1","18006"
"Phil Maton","Padres","0","18064"
"Ben Taylor","Red Sox","0","18114"
"Jarlin Garcia","Marlins","0","18282"
"Carson Fulmer","White Sox","0","18311"
"A.J. Minter","Braves","0","18655"
"Sandy Alcantara","Cardinals","0","18684"
"Seung Hwan Oh","Cardinals","2","18719"
"Dillon Peters","Marlins","9","18790"
"Drew Steckenrider","Marlins","0","18806"
"Miguel Diaz","Padres","3","18815"
"Chris Rowley","Blue Jays","0","18820"
"Hector Velazquez","Red Sox","1","19341"
"Walker Buehler","Dodgers","0","19374"
